<?xml version="1.0" encoding="UTF-8"?>
<!DOCTYPE suite SYSTEM "http://testng.org/testng-1.0.dtd" >
<suite name="Suite2"
parallel="tests" thread-count="2">
    <test name="FirefoxTest">
        <parameter name="browser" value="firefox" />
        <classes>
            <class name="cn.TestScripts.BrowserTest"/>

        </classes>
    </test>
    <test name="ChromeTest">
        <parameter name="browser" value="chrome" />
        <classes>
            <class name="cn.TestScripts.BrowserTest"/>

        </classes>
    </test>

</suite>